id,path,dssp,sasa
result_16,../1_diffusion/output/result_16.pdb,LLLHHHHHHHHHHHHHHHHHHHHHHHHHHHHHLLLLLLLHHHHHHLLHHHHHHLLLLHHHHHHHHHHHHHHHLLLHHHHHHHHHHHHHHHLLLLHHHHHHHHHHHHHHHLL,82.00917876783957
result_24,../1_diffusion/output/result_24.pdb,LLHHHHHHHHHHHHHHHHHHLLLLHHHHHHHHHHHHHHLLLLHHHHHHHHHHHHHHHLHHHHHHHHHHLLLLLHHHLLLLLHHHHHHHHHHLLLLHHHHHHHHHHHHHHHHLL,75.05757228715551
result_58,../1_diffusion/output/result_58.pdb,LHHHHHHHHHHHHHHHHHHHHHHHLLLLEEEEEEEEEEELLEEEEEEEELLLLEEEEEEEELLHHHHHHHHHHHHHLLLLLLHHHHHHHHHHHHHHHHLLL,72.51452170352485
result_51,../1_diffusion/output/result_51.pdb,LHHHHHHHHHHHLLLLLHHHHHHHHHHHHLLLLLLHHHHHHHHHHHHHHLLLLLLLHHHHHHHHHHHHHHHHHHHHHHHLLHHHHHHHHHHHHHHHHHHHHLLLLLLHHHHHHHHHHHHHHHHHHHHHHLL,71.61825773560531
result_61,../1_diffusion/output/result_61.pdb,LHHHHHHHHHHHHHHLHHHHHLLLLHHHHHHHHHHHHHLLHHHHHHHHHHHHHHHHLLHHHHHHHHHHHHLLLLHHHHLLLLHHHHHHHHHHHHHHHHHHLLLLLHHHHHHHHHHLLHHHHHHLLL,68.58704049351009
result_9,../1_diffusion/output/result_9.pdb,LLLLLLLLHHHHHHHHHHLLLLEELLLLELLLLLLHHHHHHHHHHLLHHHHHHHHHHHHHHELLLLLLLEHHHHLLLHHHHHHHHELLLLHHHHHHHHHHHHLLL,67.97178594057578
result_42,../1_diffusion/output/result_42.pdb,LLLLLHHHHHHHHHHHHHHHHHLLLLLHHHHHHHHHHHHHHHHHLLLLHHHHHHHHHHHHLLLHHHHHHHHHHHHHHHHHHHLLLHHHHHHHHHHHHHHHHHHHHHHHHHLLLLL,64.05786706523745
result_11,../1_diffusion/output/result_11.pdb,LHHHHHHHHHHHHHHHHHHHHHHHHLHHHHHHHHHHHHHHHHHHHHHHLLLLHHHHHHHHHHHHHHHHHHHHHHHHHHHHHHHHHHHHHHHHHHHHHLLLL,62.7214766970657
result_13,../1_diffusion/output/result_13.pdb,LLHHHHHHHHHHHHHLLEHHHHHHHHHHHHHLLHHHHHHHHHHHHHHHHHLLLLHHHHHHHHHHHLLLLHHHHHHHHHHHHHHHHHLHHHHHHHHHHHHHHHHHHHHLLLLLELLLL,62.15203298551304
result_54,../1_diffusion/output/result_54.pdb,LHHHHHHHHHHHLLLHHHHHHHHHHHHHLLLHHHHHHHHHHHHHHHLLHHHHHHHHHHHHLLLHHHHHHHHHHHLLLHHHHHHHHHHLLLLLLHHHHHHHHHHHHHHHHHHHLLL,61.3338805048905
result_14,../1_diffusion/output/result_14.pdb,LHHHHHHHHHHHHHLLLHHHHHHHHHHHHHHHLLLHHHHHHHHHHHHHHHHHHHHHHHHHHHHHHHHLLLHHHHHHHHHHHHHHHHHHLHHHHHLLLLLEELLEELLLHHHHHHHHHHHHHLL,60.61768695712352
result_50,../1_diffusion/output/result_50.pdb,LHHHHHHHHHHHHHLLHHHHHHHHLHHHHHHHHHHHHHHHHHHLLLLLLLHHHHHHHHHHHHHHHHHHHHHHLLLHHHHHHHHHHHHLLLLLLHHHLLLHHHHHHHHHLLL,60.58919828140379
result_20,../1_diffusion/output/result_20.pdb,LLHHHHHHHHHHHHHHHHHHHHHHHHHLHHHHHHHHHHHHHHHHHHLLHHHHHHHHHHHHHHHHHLLLLHHHHHHHHHLHHHHHHHLHHHHHHHHHHHHHHHHHHHHHHLL,60.519219998000736
result_48,../1_diffusion/output/result_48.pdb,LHHHHHHHHHHHHHHHHHHHHHHHLLLHHHHHHHHHHHHHHHHHHHHHHHHHLLLLHHHHHHHHHHHHHLLHHHHHHHHHLLLHHHHHHHHHHHHHHHLLLLHHHHLLLLL,60.30580719195989
result_44,../1_diffusion/output/result_44.pdb,LHHHHHHHHHHHHHHHHLLLLLLLHHHHHHHHHHHHHLHHHHHHHHHHHHHHHLHHHHHHHHHLLLHHHHHHHHHHHHHHHHLLLHHHHHHHHHHHHHHHLLLL,59.59271937746063
result_59,../1_diffusion/output/result_59.pdb,LHHHHHHHHHHLLHHHHHHHHHLHHHHHHHHHHHHHHHHHHHLHHHLLHHHHHHHHHHHHHHLLHHHHHHLLLHHHHHHHHHHHHHHHLLHHHHHHHHHHHHHHHHHHHLL,59.21876724593996
result_5,../1_diffusion/output/result_5.pdb,LEEEEEEEEELLLLHHHHLLLLHHHHHHHHHLEEEEEEEELLLLEEEEEEEEELLLHHHHHLLLHHHHHHHHHHHHLHHHHHHHHHHHHHHHHLLLLHHHHHHHHHHHHHLLLLLEEEEEEEEEELLL,58.42611170414001
result_4,../1_diffusion/output/result_4.pdb,LLLHHHHHHHLHHHHHHLLHHHHHHHHLLLLLLLHHHHHHHHHHHLHHHHHHHHHHHHHLLLHHHHHHHHHHHHHHHLLLLLHHHHHHHHHHHHHHHHHHHHHHLL,57.70694019977239
result_43,../1_diffusion/output/result_43.pdb,LLHHHHHHHHHHHLLHHHHHHHHHHHHLLLHHHHHHHHHHHHLHHHHHHHLHHHLLHHHHHHHHHHHHHHHHHLLLLHHHHHHHHHHHHLLLLLHHHHHHHHHHHHHHHHHHHHHLLL,57.08691806025468
result_10,../1_diffusion/output/result_10.pdb,LEEEEEELLLHHHHHHHHHHHHHHLEEEEEELLLHHHHHHHHHHHHHHHHLLLLLLHHHHHHHHHHHHHHHLLLLEEEEEELLLLHHHHHHHHHHLLLLLEEEEELL,56.74273309701034
result_28,../1_diffusion/output/result_28.pdb,LLLLLLLLLLLLEEEELLLLLEEELLHHHHHHHHHHHHHHHHHHHHHHLLLHHHHHHHHHHHHHHHHHHHHHHLLHHHHHHHHHHHHHHHHHHLLLLLLHHHHHHHHLLLLLLHHHHHHHHHHLL,56.596620843073325
result_17,../1_diffusion/output/result_17.pdb,LLLLLLLHHHHHHHHHHHHHHHLLLHHHHHHHHHHHHHHLLLLHHHHHHHHHHHHHLLLHHHHHHHHHHHHHHHHLHHHHHHHHHHHHHHHHHHLLHHHHHHHHHHHHHHLHHHHHHHHHLLLL,56.396391377414496
result_57,../1_diffusion/output/result_57.pdb,LHHHHHHHHHHHHHHHHHHHLLLLLHHHHHHHHHHHHHHHHHHLLLLHHHHHHHHHHHHHHHHHHHHHHHLLHHHHHHHHHHHHHHHHHHHHHHHHHHHHHLLLL,56.20638580524114
result_53,../1_diffusion/output/result_53.pdb,LLLLLLHHHLLLLHHHHHHHHHHHHHHHHHLHHHLLHHHHHHHHHHHHHHHHHHHHLLLLLHHHHHHHHHHHHHHHHHHHHHHHLLHHHHHHHHHHHHHHHHHLLLLLL,55.63538030265748
result_30,../1_diffusion/output/result_30.pdb,LHHHHHHHHHHHHHHHLLLLLLHHHLLLLHHHHHHHHHHLLLLHHHHHHHHHHHHHHHHLHHHHHHHHHHHHHHHLLHHHHHHHHHHLLLLLLLHHHHHHHHLLLLL,55.016909730253445
result_52,../1_diffusion/output/result_52.pdb,LLHHHHHHHHHHHHHHHHHHHHHHHLLHHHHHHHHHHHHHHLHHHHHHHHHHHHHHHHHHHHHHHHHHHHHLLLLHHHHHHHHHHHHHHHHHHHHHHHHHHHHHHHHHHHHHLL,54.9758615218996
result_55,../1_diffusion/output/result_55.pdb,LLLLLHHHHHHHHLLLLLHHHHHHHHHHHHHHHHHHHHLHHHHHHHHHHHHHHHHHHHLLLHHHHHHHHHHHHHLLHHHHHHHHHHHLLLHHHHHHHHHHHHHHLLL,54.72720587014026
result_7,../1_diffusion/output/result_7.pdb,LHHHHHHHHHHLLLLLLLHHHHHHHHHHHHLLLLLLHHHHHHHHHHHHHLLLLLLHHHHHHHHHHHHHHHHHLLLLLHHHHHHHHHLLLHHHHHHHHHHHHHLLLHHHHHHHHHHHHHHHHHHLLL,54.49858026344119
result_62,../1_diffusion/output/result_62.pdb,LEEEEEEEELLLHHHHHHHHHHHLEEEEEEEELLLLHHHHHHHHHHHHHLLLLLLEEEEEELLLLLLHHHHHHHHHHHHHHHHHHHHHLLLLEEEEEELLLHHHHHHHHHHHHHHLL,54.44269708492249
result_56,../1_diffusion/output/result_56.pdb,LHHHHHHHHHHHHLLLHHHHHHHHHHHHHHHHHHHHHHHHHHHHHHLLLLHHHHHHHHHHHHLLHHHHHHHHHHHLLLLLHHHHHHHHHHHHHHHHHHHHHHHHHHHHHHHHHHLLLL,54.23397407957062
result_15,../1_diffusion/output/result_15.pdb,LLHHHHHHHHHHHHHHHHHHHHHHHHLLLHHHHHHHHHHHHHHLHHHHHHHHLLLLHHHHHHHHHHHLLLLLLHHHHHHHHHLHHHHHHHHHHHHHHHHLLLLLHHHHHHHHHHHHHHHHHHLL,53.9801747078002
result_29,../1_diffusion/output/result_29.pdb,LHHHHHHHHHHHHHHHHHLLLLLLLHHHHHHHHLLLLHHHHHHLLLLHHHHHHHHHHLHHHHHHHHHHHHLLLLHHHHHHHHHHHHHHLLHHHHHHHHHHHHHHLL,53.940271551273376
result_25,../1_diffusion/output/result_25.pdb,LLLLLHHHHHHHHHHLLHHHHHHHHHHHHLLLLHHHHHHHHHHHHHHHHHHLLHHHHHHHLLLLLLHHHHHHHHHHHHHHHHLLLLHHHHHHHHHHHLLHHHHHHHHHHHHHHLL,53.66064220903051
result_3,../1_diffusion/output/result_3.pdb,LHHHHHHHHHHHHHLLLLHHHHHHHHHHHHHHHHHHHHHHHHHLLLHHHHHHHHHHHHHHHHHLLLLLLHHHHHHHLLLLLHHHHHHHHHHHHHHHLHHHHHHHHHLLLLLHHHHHHHHHHHHHHLL,53.22045817928765
result_26,../1_diffusion/output/result_26.pdb,LHHHHHHHHHHHHHHHHHHHLLLLLHHHHHHHLLLELLELLHHHHHHHHHHHLLLLLHHHHHHHHHHHHHHHHLLHHHHHHHHHHHHHHHLLLLLHHHHHHHHHHLL,52.45041675304503
result_2,../1_diffusion/output/result_2.pdb,LLLHHHHHHHHHHHHHHLLLHHHHHHHHHHHHHHLHHHHHHHHHHHHHHHLLLLLHHHHHHHHHHHHHHHHLLLHHHHHHHHHHHHLLLLLLHHHHHHHHHHHHHLLL,52.0621925043061
