id,path,dssp,sasa
result_0,../1_diffusion/output/result_0.pdb,LLLEEEEEEELLLLLEEEEEEEELLLEEEEEEEEELLLLLLLLEEEEELLLLLLLLLLLLLLHHHLLEEEEEEELLLLLEEEEEEELLLLLLEEEEEEEEELLL,59.19808224424828
result_1,../1_diffusion/output/result_1.pdb,LEEEEEELHHHHHHHHHHHHHHLLLLLHHHLLHHHHHHHHHHHHHHHLLLLLEEEEEEEELLLLLLLLLLLLHHHHHHHHHHHHLLEEELLLLLLLLLLLEEEEEEEEEELLL,53.12577838874877
result_2,../1_diffusion/output/result_2.pdb,LLLHHHHHHHHHHHHHHLLLHHHHHHHHHHHHHHLHHHHHHHHHHHHHHHLLLLLHHHHHHHHHHHHHHHHLLLHHHHHHHHHHHHLLLLLLHHHHHHHHHHHHHLLL,52.0621925043061
result_3,../1_diffusion/output/result_3.pdb,LHHHHHHHHHHHHHLLLLHHHHHHHHHHHHHHHHHHHHHHHHHLLLHHHHHHHHHHHHHHHHHLLLLLLHHHHHHHLLLLLHHHHHHHHHHHHHHHLHHHHHHHHHLLLLLHHHHHHHHHHHHHHLL,53.22045817928765
result_4,../1_diffusion/output/result_4.pdb,LLLHHHHHHHLHHHHHHLLHHHHHHHHLLLLLLLHHHHHHHHHHHLHHHHHHHHHHHHHLLLHHHHHHHHHHHHHHHLLLLLHHHHHHHHHHHHHHHHHHHHHHLL,57.70694019977239
result_5,../1_diffusion/output/result_5.pdb,LEEEEEEEEELLLLHHHHLLLLHHHHHHHHHLEEEEEEEELLLLEEEEEEEEELLLHHHHHLLLHHHHHHHHHHHHLHHHHHHHHHHHHHHHHLLLLHHHHHHHHHHHHHLLLLLEEEEEEEEEELLL,58.42611170414001
result_6,../1_diffusion/output/result_6.pdb,LLLHHHHHHLLLLLLLLHHHHHHHHHHLLLLLLLHHHHHHHHHHHHLLLHHHHHHHHHHHHHHLLHHHHHHHHHHHHLLLLLLLLLLLLLLHHHHHHHHHHHHHHHLLLL,78.58888354223056
result_7,../1_diffusion/output/result_7.pdb,LHHHHHHHHHHLLLLLLLHHHHHHHHHHHHLLLLLLHHHHHHHHHHHHHLLLLLLHHHHHHHHHHHHHHHHHLLLLLHHHHHHHHHLLLHHHHHHHHHHHHHLLLHHHHHHHHHHHHHHHHHHLLL,54.49858026344119
result_8,../1_diffusion/output/result_8.pdb,LLHHHHHHHHHHHHHLLLLLLLLLLEEHHHEELLLEEEELLEEEEEHHHHHHHHHHHHHLLLLLLEEEELLLLHHHLLLLLHHHHHHHLEEEELLLLHHHHHHHHHHHHHHHLLLLHHHHHHHLLELLLL,75.70741577186885
result_9,../1_diffusion/output/result_9.pdb,LLLLLLLLHHHHHHHHHHLLLLEELLLLELLLLLLHHHHHHHHHHLLHHHHHHHHHHHHHHELLLLLLLEHHHHLLLHHHHHHHHELLLLHHHHHHHHHHHHLLL,67.97178594057578
result_10,../1_diffusion/output/result_10.pdb,LEEEEEELLLHHHHHHHHHHHHHHLEEEEEELLLHHHHHHHHHHHHHHHHLLLLLLHHHHHHHHHHHHHHHLLLLEEEEEELLLLHHHHHHHHHHLLLLLEEEEELL,56.74273309701034
result_11,../1_diffusion/output/result_11.pdb,LHHHHHHHHHHHHHHHHHHHHHHHHLHHHHHHHHHHHHHHHHHHHHHHLLLLHHHHHHHHHHHHHHHHHHHHHHHHHHHHHHHHHHHHHHHHHHHHHLLLL,62.7214766970657
result_12,../1_diffusion/output/result_12.pdb,LEEEEEEEELLLLLEEEHHHHHHHHHHHHHHLLEEEEEEEELLLLLLLLEEELLLEEEEEEEEELHHHHHHHHHHHHHHHHHHHHLLLLHHHHHHHHHLHHHHHHLLLLLLL,66.95977661555733
result_13,../1_diffusion/output/result_13.pdb,LLHHHHHHHHHHHHHLLEHHHHHHHHHHHHHLLHHHHHHHHHHHHHHHHHLLLLHHHHHHHHHHHLLLLHHHHHHHHHHHHHHHHHLHHHHHHHHHHHHHHHHHHHHLLLLLELLLL,62.15203298551304
result_14,../1_diffusion/output/result_14.pdb,LHHHHHHHHHHHHHLLLHHHHHHHHHHHHHHHLLLHHHHHHHHHHHHHHHHHHHHHHHHHHHHHHHHLLLHHHHHHHHHHHHHHHHHHLHHHHHLLLLLEELLEELLLHHHHHHHHHHHHHLL,60.61768695712352
result_15,../1_diffusion/output/result_15.pdb,LLHHHHHHHHHHHHHHHHHHHHHHHHLLLHHHHHHHHHHHHHHLHHHHHHHHLLLLHHHHHHHHHHHLLLLLLHHHHHHHHHLHHHHHHHHHHHHHHHHLLLLLHHHHHHHHHHHHHHHHHHLL,53.9801747078002
result_16,../1_diffusion/output/result_16.pdb,LLLHHHHHHHHHHHHHHHHHHHHHHHHHHHHHLLLLLLLHHHHHHLLHHHHHHLLLLHHHHHHHHHHHHHHHLLLHHHHHHHHHHHHHHHLLLLHHHHHHHHHHHHHHHLL,82.00917876783957
result_17,../1_diffusion/output/result_17.pdb,LLLLLLLHHHHHHHHHHHHHHHLLLHHHHHHHHHHHHHHLLLLHHHHHHHHHHHHHLLLHHHHHHHHHHHHHHHHLHHHHHHHHHHHHHHHHHHLLHHHHHHHHHHHHHHLHHHHHHHHHLLLL,56.396391377414496
result_18,../1_diffusion/output/result_18.pdb,LLLLELLLELLHHHHHHHHHHHHHHLLLELLLLLLLLLLLLHHHHHHHHHHHHHLLLLLLLLHHHHHHHLLHHHHHHHHHHHHLLLEEEELLHHHHLLLELLLEEELLLL,63.38748598440576
result_19,../1_diffusion/output/result_19.pdb,LHHHHHHHHHHHHHHHHHHLLLLLLLLLLHHHHHHHHHHHLLLLHHHHHHHHHHHHHHLHHHHLLLLLHHHLLHHHHHHHHHHLHHHHLLHHHHHHHHHHHHHHHHHLLL,57.20840693128691
result_20,../1_diffusion/output/result_20.pdb,LLHHHHHHHHHHHHHHHHHHHHHHHHHLHHHHHHHHHHHHHHHHHHLLHHHHHHHHHHHHHHHHHLLLLHHHHHHHHHLHHHHHHHLHHHHHHHHHHHHHHHHHHHHHHLL,60.519219998000736
result_21,../1_diffusion/output/result_21.pdb,LLLHHHHHHHHHHHHHHLHHHHHHHHHHHHHHHHHHLHHHHHHHHLLLLLLLLLLHHHHHHHHLLLLLLLLLLLLHHHHHHHHHHHLLLHHHHHHHHHHHHHHHHHLLHHHHHHHHHHHHLL,54.293224596302906
result_22,../1_diffusion/output/result_22.pdb,LLHHHHHHHHHHHHHHHHHHHHHLLLLLLLEEEEELLLLEEEEELLLLLLLLLLEEEEHHHHHHHHHHHHHHHLLHHHHHHHHHHHHHHHHHHHHHHHHHHHHHHHHLL,65.49514473117618
result_23,../1_diffusion/output/result_23.pdb,LHHHHHHHHHHHHHHHHHHHHHHHHHHHHHLLLLLLLLHHHHHHHHHHHHLLLLHHHHHHHHHHLLLHHHHHHHHHHHHHHLHHHHHHHHHHHHHHHLLLLLLLLLLLHHHHHHHHHHHHHHLL,59.50860839151698
result_24,../1_diffusion/output/result_24.pdb,LLHHHHHHHHHHHHHHHHHHLLLLHHHHHHHHHHHHHHLLLLHHHHHHHHHHHHHHHLHHHHHHHHHHLLLLLHHHLLLLLHHHHHHHHHHLLLLHHHHHHHHHHHHHHHHLL,75.05757228715551
result_25,../1_diffusion/output/result_25.pdb,LLLLLHHHHHHHHHHLLHHHHHHHHHHHHLLLLHHHHHHHHHHHHHHHHHHLLHHHHHHHLLLLLLHHHHHHHHHHHHHHHHLLLLHHHHHHHHHHHLLHHHHHHHHHHHHHHLL,53.66064220903051
result_26,../1_diffusion/output/result_26.pdb,LHHHHHHHHHHHHHHHHHHHLLLLLHHHHHHHLLLELLELLHHHHHHHHHHHLLLLLHHHHHHHHHHHHHHHHLLHHHHHHHHHHHHHHHLLLLLHHHHHHHHHHLL,52.45041675304503
result_27,../1_diffusion/output/result_27.pdb,LEEEEEEELLLLLHHHHHHHHHHHHHHHHHHLLLLLEEEEEEEHHHHHHLHHHHHHHHHHHHHHLLEEEEELLLLLLLLLHHHHHHHHHHLLLLLEEEEELLLLLEELHHHHHHHHHHHHHLL,58.61566525052288
result_28,../1_diffusion/output/result_28.pdb,LLLLLLLLLLLLEEEELLLLLEEELLHHHHHHHHHHHHHHHHHHHHHHLLLHHHHHHHHHHHHHHHHHHHHHHLLHHHHHHHHHHHHHHHHHHLLLLLLHHHHHHHHLLLLLLHHHHHHHHHHLL,56.596620843073325
result_29,../1_diffusion/output/result_29.pdb,LHHHHHHHHHHHHHHHHHLLLLLLLHHHHHHHHLLLLHHHHHHLLLLHHHHHHHHHHLHHHHHHHHHHHHLLLLHHHHHHHHHHHHHHLLHHHHHHHHHHHHHHLL,53.940271551273376
result_30,../1_diffusion/output/result_30.pdb,LHHHHHHHHHHHHHHHLLLLLLHHHLLLLHHHHHHHHHHLLLLHHHHHHHHHHHHHHHHLHHHHHHHHHHHHHHHLLHHHHHHHHHHLLLLLLLHHHHHHHHLLLLL,55.016909730253445
result_31,../1_diffusion/output/result_31.pdb,LLLLHHHHHHHHHHHHHLHHHHHHHLLLHHHHHHHHHHHLLLLHHHHHHHHHHHHLLLLLLLLLLLLLLLHHHHHLLLLHHHHHHHHHHHHHHHHHHHHHHHHHHLLL,51.73264551550197
result_32,../1_diffusion/output/result_32.pdb,LHHHHHHHHLLHHHHHHHHHHHHHHHHHLLHHHHHHHHHHLLHHHHHHHHHHHHHHHHHHLLLLLLLLHHHHHHHHHHHHHHHHHHHLLLLLHHHHHHHHHHHHLLHHHHHHHHHHHHHHHLLLLLL,56.36623547613189
result_33,../1_diffusion/output/result_33.pdb,LLHHHHHHHHHHHHHHHHHHHLLLHHHHHHHHHLLLLHHHHHHHHHHLLLLLHHHHHHHHHHHLLLHHHHHHHHHHHHHHHHHHLLLLLLLLLLLLHHHHHHHHHLHHHHHHHHHHHHLL,54.95735672520915
result_34,../1_diffusion/output/result_34.pdb,LLLLLLLLLLLLLLHHHHHHHHLLLHHHHHHLLHHHHHHHHLLLHHHHHHHHHHHHHHHHHLHHHHHHHHHLLLLLLLLHHHHHHHHHHHHHHLHHHLLHHHHLLHHHHHHHHLLLL,78.18633266332431
result_35,../1_diffusion/output/result_35.pdb,LLLLLLLLLLHHHHHHHHHHHHHLHHHLLLLLHHHHHHHHHHHHHLLLLHHHHHHHHHHHHLLLLLLLLHHHHHHHHHHHHHHHLLHHHHHHHHHHLLLLHHHLLLLLLLHHHHHHHHHHHLLLLLLL,54.855673206047
result_36,../1_diffusion/output/result_36.pdb,LEEEEEEEEELLLHHHHHHHHHHHHHHHHHLLLLLEEEEEEEELLLLLLLEEEEEEEEEHHHHHHHHHHHHHLLLLLLLLLLLLELLLHHHHHHLLHHHHHHHHHHHLLLL,75.78193263179749
result_37,../1_diffusion/output/result_37.pdb,LLHHHHHHHHHHHHHHHHHHHLHHHHHHHHLLHHHHHHLLLLLHHHHHHHHHHHHHHHHHHHHLLHHHHHHHHHHHHHHHHHHLLLLLLLLLLLLLHHHLLHHHHHHHHHHHHHHHHHHHHHHHHHLLLLL,75.22930843765378
result_38,../1_diffusion/output/result_38.pdb,LHHHHHHHHHHHHHHHHHHLLLLLLLLLLLHHHHHHHHHHHLLLLHHHHHHHHHHHHHHLLLHHHHHHHHHHHHHHHHHHHHLLLLLLLLLHHHHHHHHHHHHHHHHHHHHLL,66.19143690329724
result_39,../1_diffusion/output/result_39.pdb,LLLLHHHHHHHHHHHHHHHLLLLLHHHHHHHHHHHHHHHLLLHHHHHHHHHHHHHHHHHHLLLLLLLLLHHHHHHHHHHHHHLLHHHHHHHHHHHHHHHHHHHLL,85.6700265363558
result_40,../1_diffusion/output/result_40.pdb,LLEEEELLLLLLLLHHHHHHHHHHHHHHLLEEEELLLLLLHHHHHHHHHHHHHHHHHHLLLEEELLLLEEELLLLLLLLLLLLLHHHHHHHHHHHHHLLLL,56.093076881612944
result_41,../1_diffusion/output/result_41.pdb,LEEEEEEELLHHHHHHHHHHHLLLLLEELLLLHHHHHHHHHHHLLLLEEEEEEELHHHHHHHHHHHHHHHHHHHLLLLLLLLLLLLLLLEEEEELLLLEEEEELLHHHLLLLHHHHHHHHHHHHHHLLL,57.93936760350024
result_42,../1_diffusion/output/result_42.pdb,LLLLLHHHHHHHHHHHHHHHHHLLLLLHHHHHHHHHHHHHHHHHLLLLHHHHHHHHHHHHLLLHHHHHHHHHHHHHHHHHHHLLLHHHHHHHHHHHHHHHHHHHHHHHHHLLLLL,64.05786706523745
result_43,../1_diffusion/output/result_43.pdb,LLHHHHHHHHHHHLLHHHHHHHHHHHHLLLHHHHHHHHHHHHLHHHHHHHLHHHLLHHHHHHHHHHHHHHHHHLLLLHHHHHHHHHHHHLLLLLHHHHHHHHHHHHHHHHHHHHHLLL,57.08691806025468
result_44,../1_diffusion/output/result_44.pdb,LHHHHHHHHHHHHHHHHLLLLLLLHHHHHHHHHHHHHLHHHHHHHHHHHHHHHLHHHHHHHHHLLLHHHHHHHHHHHHHHHHLLLHHHHHHHHHHHHHHHLLLL,59.59271937746063
result_45,../1_diffusion/output/result_45.pdb,LHHHHHHHHHHHHHHHLLHHHHHHHHHHLHHHHHHHHHHHHHLLLLLLLLHHHHHHHHHHHHHHHHHLLLHHHHHHHHHHHHHHHHHHLLLLLLHHHHHHHHHHHHHHHHHHHHHLLHHHHHHHLLL,54.96233322619341
result_46,../1_diffusion/output/result_46.pdb,LLLLLLLLHHHHHHHHHHHHHHLLLLEEELLLHHHHLLLLLLEEEEEEEELLLLLLLLEEEEEEELLLLLLHHHHHHHHHHHHHHLLLLLLHHHHHHHHLHHHLLLEEEEELLLLLLLLEEEEEEELLL,57.06080503352608
result_47,../1_diffusion/output/result_47.pdb,LHHHHHHHHHHHHHHHHHHHHHLLLLHHHHHHHHHHHHHHHHHLLHHHHHHHHHHHHHHHHHHHHLHHHHHHHHHHHHHHHHLLLLLLLLHHHHHHHHHHHHHHEELLEELLL,54.251801347194885
result_48,../1_diffusion/output/result_48.pdb,LHHHHHHHHHHHHHHHHHHHHHHHLLLHHHHHHHHHHHHHHHHHHHHHHHHHLLLLHHHHHHHHHHHHHLLHHHHHHHHHLLLHHHHHHHHHHHHHHHLLLLHHHHLLLLL,60.30580719195989
result_49,../1_diffusion/output/result_49.pdb,LHHHHHHHHHHHHHHHHLLLHHHHHLLLLLLLLLHHHHHHHHHHHHHHHHLLLLLHHHHHHHHHHHHHLLLLLHHHHHHHHHHHHHHLLLHHHHHHHHHLHHHLLLLHHHHHHHHHHHHHHHHLL,56.83335534648745
result_50,../1_diffusion/output/result_50.pdb,LHHHHHHHHHHHHHLLHHHHHHHHLHHHHHHHHHHHHHHHHHHLLLLLLLHHHHHHHHHHHHHHHHHHHHHHLLLHHHHHHHHHHHHLLLLLLHHHLLLHHHHHHHHHLLL,60.58919828140379
result_51,../1_diffusion/output/result_51.pdb,LHHHHHHHHHHHLLLLLHHHHHHHHHHHHLLLLLLHHHHHHHHHHHHHHLLLLLLLHHHHHHHHHHHHHHHHHHHHHHHLLHHHHHHHHHHHHHHHHHHHHLLLLLLHHHHHHHHHHHHHHHHHHHHHHLL,71.61825773560531
result_52,../1_diffusion/output/result_52.pdb,LLHHHHHHHHHHHHHHHHHHHHHHHLLHHHHHHHHHHHHHHLHHHHHHHHHHHHHHHHHHHHHHHHHHHHHLLLLHHHHHHHHHHHHHHHHHHHHHHHHHHHHHHHHHHHHHLL,54.9758615218996
result_53,../1_diffusion/output/result_53.pdb,LLLLLLHHHLLLLHHHHHHHHHHHHHHHHHLHHHLLHHHHHHHHHHHHHHHHHHHHLLLLLHHHHHHHHHHHHHHHHHHHHHHHLLHHHHHHHHHHHHHHHHHLLLLLL,55.63538030265748
result_54,../1_diffusion/output/result_54.pdb,LHHHHHHHHHHHLLLHHHHHHHHHHHHHLLLHHHHHHHHHHHHHHHLLHHHHHHHHHHHHLLLHHHHHHHHHHHLLLHHHHHHHHHHLLLLLLHHHHHHHHHHHHHHHHHHHLLL,61.3338805048905
result_55,../1_diffusion/output/result_55.pdb,LLLLLHHHHHHHHLLLLLHHHHHHHHHHHHHHHHHHHHLHHHHHHHHHHHHHHHHHHHLLLHHHHHHHHHHHHHLLHHHHHHHHHHHLLLHHHHHHHHHHHHHHLLL,54.72720587014026
result_56,../1_diffusion/output/result_56.pdb,LHHHHHHHHHHHHLLLHHHHHHHHHHHHHHHHHHHHHHHHHHHHHHLLLLHHHHHHHHHHHHLLHHHHHHHHHHHLLLLLHHHHHHHHHHHHHHHHHHHHHHHHHHHHHHHHHHLLLL,54.23397407957062
result_57,../1_diffusion/output/result_57.pdb,LHHHHHHHHHHHHHHHHHHHLLLLLHHHHHHHHHHHHHHHHHHLLLLHHHHHHHHHHHHHHHHHHHHHHHLLHHHHHHHHHHHHHHHHHHHHHHHHHHHHHLLLL,56.20638580524114
result_58,../1_diffusion/output/result_58.pdb,LHHHHHHHHHHHHHHHHHHHHHHHLLLLEEEEEEEEEEELLEEEEEEEELLLLEEEEEEEELLHHHHHHHHHHHHHLLLLLLHHHHHHHHHHHHHHHHLLL,72.51452170352485
result_59,../1_diffusion/output/result_59.pdb,LHHHHHHHHHHLLHHHHHHHHHLHHHHHHHHHHHHHHHHHHHLHHHLLHHHHHHHHHHHHHHLLHHHHHHLLLHHHHHHHHHHHHHHHLLHHHHHHHHHHHHHHHHHHHLL,59.21876724593996
result_60,../1_diffusion/output/result_60.pdb,LEEEEELLHHHHHHHHHHHHHHLLLLEEEEEELLLLHHHHHHHHHHHLLEEEEHHHHHHHHHLLLLLHHHHHLLLLELLLLLLLLLHHHLLLHHHHHHHHHHHHHHHHHHHLL,54.27221828478716
result_61,../1_diffusion/output/result_61.pdb,LHHHHHHHHHHHHHHLHHHHHLLLLHHHHHHHHHHHHHLLHHHHHHHHHHHHHHHHLLHHHHHHHHHHHHLLLLHHHHLLLLHHHHHHHHHHHHHHHHHHLLLLLHHHHHHHHHHLLHHHHHHLLL,68.58704049351009
result_62,../1_diffusion/output/result_62.pdb,LEEEEEEEELLLHHHHHHHHHHHLEEEEEEEELLLLHHHHHHHHHHHHHLLLLLLEEEEEELLLLLLHHHHHHHHHHHHHHHHHHHHHLLLLEEEEEELLLHHHHHHHHHHHHHHLL,54.44269708492249
result_63,../1_diffusion/output/result_63.pdb,LLLHHHHHHHHHLLLLLEEEEEEEEELLEEEEEEEELLLLEEEEHHHHHHHHHHHLLLLLLLLLEEELHHHHHHHHHHHLLLLHHHHHHLLLLLLHHHHHHHHHHLLLLL,51.39278430963952
